{
  "eye": {
    "orientation": [
      -0.9178522825241089,
      0,
      0,
      -0.3969223201274872
    ],
    "magnitude": 1,
    "position": [
      0,
      -646.1644287109375,
      -607.38525390625
    ]
  },
  "radius": 512,
  "type": "ORTHOGRAPHIC"
}