{
  "eye": {
    "orientation": [
      0.8686612844467163,
      0,
      0,
      0.49540644884109497
    ],
    "magnitude": 1,
    "position": [
      0,
      -763.2620239257812,
      -451.5152893066406
    ]
  },
  "radius": 512,
  "type": "ORTHOGRAPHIC"
}